dia,mes,ao,cod_ine,CCAA,PCR,PCR_x_1000hab.,TEST_ANTICUERPOS,TEST_ACC_x_1000hab.,TOTAL_PRUEBAS,Total_Pruebas_x_1000hab.
23,04,2020,1,Andaluc铆a,68862,8.15,82757,9.8,151619,17.95
23,04,2020,2,Arag贸n,19123,14.44,3188,2.41,22311,16.85
23,04,2020,3,Asturias,34425,33.75,9502,9.32,43927,43.07
23,04,2020,4,Illes Balears,27814,23.21,4407,3.68,32221,26.88
23,04,2020,5,Canarias,45052,20.29,0,0,45052,20.29
23,04,2020,6,Cantabria,19560,33.61,4533,7.79,24093,41.4
23,04,2020,7,Castilla y Le贸n,65689,27.34,44514,18.53,110203,45.86
23,04,2020,8,Castilla-la Mancha,35895,17.61,32611,16,68506,33.61
23,04,2020,9,Catalu帽a,194039,25.5,2996,0.39,197035,25.89
23,04,2020,10,Comunidad Valenciana,96406,19.29,18098,3.62,114504,22.91
23,04,2020,11,Extremadura,14111,13.28,12065,11.35,26176,24.63
23,04,2020,12,Galicia,81201,30.09,14630,5.42,95831,35.51
23,04,2020,13,Madrid,203892,30.5,34716,5.19,238608,35.69
23,04,2020,14,Regi贸n de Murcia,18385,12.3,2240,1.5,20625,13.8
23,04,2020,15,C. Foral de Navarra,19345,29.65,9733,14.92,29078,44.56
23,04,2020,16,Pa铆s Vasco,72044,33.02,24418,11.19,96462,44.21
23,04,2020,17,La Rioja,17898,56.91,7355,23.39,25253,80.3
23,04,2020,18,Ceuta,793,9.39,703,8.33,1496,17.72
23,04,2020,19,Melilla,988,11.72,1572,18.65,2560,30.37
30,04,2020,1,Andaluc铆a,100665,11.92,119466,14.14,220131,26.06
30,04,2020,2,Arag贸n,22399,16.91,6815,5.15,29214,22.06
30,04,2020,3,Asturias,45225,44.34,18077,17.72,63302,62.06
30,04,2020,4,Illes Balears,34015,28.38,7469,6.23,41484,34.61
30,04,2020,5,Canarias,66015,29.73,21737,9.79,87752,39.52
30,04,2020,6,Cantabria,24634,42.33,9065,15.58,33699,57.91
30,04,2020,7,Castilla y Le贸n,86662,36.07,66722,27.77,153384,63.83
30,04,2020,8,Castilla-la Mancha,46313,22.72,64198,31.49,110511,54.21
30,04,2020,9,Catalu帽a,234622,30.83,9857,1.3,244479,32.13
30,04,2020,18,Ceuta,886,10.49,1667,19.74,2553,30.24
30,04,2020,13,Madrid,278718,41.69,54411,8.14,333129,49.83
30,04,2020,10,Comunidad Valenciana,115377,23.08,40559,8.11,155936,31.2
30,04,2020,16,Pa铆s Vasco,102269,46.87,52154,23.9,154423,70.77
30,04,2020,11,Extremadura,19811,18.64,17847,16.79,37658,35.43
30,04,2020,12,Galicia,102928,38.14,47437,17.58,150365,55.72
30,04,2020,17,La Rioja,21453,68.22,12212,38.83,33665,107.05
30,04,2020,19,Melilla,1226,14.55,2577,30.57,3803,45.12
30,04,2020,14,Regi贸n de Murcia,21545,14.42,7854,5.26,29399,19.67
30,04,2020,15,C. Foral de Navarra,26367,40.41,21201,32.49,47568,72.9
07,05,2020,1,Andaluc铆a,117200,13.88,155270,18.38,272470,32.26
07,05,2020,2,Arag贸n,28392,21.44,10379,7.84,38771,29.27
07,05,2020,3,Asturias,56843,55.73,30048,29.46,86891,85.19
07,05,2020,4,Illes Balears,50851,42.43,13097,10.93,63948,53.35
07,05,2020,5,Canarias,77916,35.09,21737,9.79,99653,44.88
07,05,2020,6,Cantabria,29183,50.15,12719,21.86,41902,72
07,05,2020,7,Castilla y Le贸n,101679,42.32,110060,45.8,211739,88.12
07,05,2020,8,Castilla-la Mancha,49396,24.23,72943,35.78,122339,60.02
07,05,2020,9,Catalu帽a,292131,38.39,17782,2.34,309913,40.73
07,05,2020,18,Ceuta,1001,11.86,2914,34.51,3915,46.37
07,05,2020,13,Madrid,339718,50.81,77518,11.59,417236,62.41
07,05,2020,10,Comunidad Valenciana,133533,26.71,60663,12.14,194196,38.85
07,05,2020,16,Pa铆s Vasco,125183,57.37,71144,32.61,196327,89.98
07,05,2020,11,Extremadura,24356,22.92,24977,23.5,49333,46.42
07,05,2020,12,Galicia,114532,42.44,83108,30.79,197640,73.23
07,05,2020,17,La Rioja,24295,77.25,14273,45.39,38568,122.64
07,05,2020,19,Melilla,1376,16.33,3038,36.04,4414,52.37
07,05,2020,14,Regi贸n de Murcia,24805,16.6,19677,13.17,44482,29.76
07,05,2020,15,C. Foral de Navarra,32821,50.3,29420,45.09,62241,95.38
14,05,2020,1,Andaluc铆a,131245,15.54,18346,21.72,314705,37.26
14,05,2020,2,Arag贸n,35338,26.68,19091,14.41,54429,41.1
14,05,2020,3,Asturias,71461,70.06,39504,38.73,110965,108.79
14,05,2020,4,Illes Balears,649,54.15,20975,17.5,85875,71.65
14,05,2020,5,Canarias,88482,39.85,38209,17.21,126691,57.06
14,05,2020,6,Cantabria,33313,57.24,15161,26.05,48474,83.3
14,05,2020,7,Castilla y Le贸n,114195,47.52,153972,64.08,268167,111.6
14,05,2020,8,Castilla-la Mancha,60081,29.47,94306,46.26,154387,75.74
14,05,2020,9,Catalu帽a,342933,45.07,1983,2.61,362763,47.67
14,05,2020,18,Ceuta,1119,13.25,3928,46.52,5047,59.77
14,05,2020,13,Madrid,403633,60.37,112422,16.82,516055,77.19
14,05,2020,10,Comunidad Valenciana,156383,31.28,81562,16.32,237945,47.6
14,05,2020,16,Pa铆s Vasco,153531,70.37,91076,41.74,244607,112.11
14,05,2020,11,Extremadura,28105,26.44,33042,31.09,61147,57.53
14,05,2020,12,Galicia,13716,50.82,123925,45.92,261085,96.74
14,05,2020,17,La Rioja,27002,85.86,15115,48.06,42117,133.92
14,05,2020,19,Melilla,1533,18.19,3866,45.87,5399,64.06
14,05,2020,14,Regi贸n de Murcia,28744,19.23,30941,20.7,59685,39.94
14,05,2020,15,C. Foral de Navarra,40253,61.69,38044,58.3,78297,119.99
21,05,2020,1,Andaluc铆a,157200,18.61,214918,25.44,372118,44.06
21,05,2020,2,Arag贸n,43586,32.91,26482,20,70068,52.91
21,05,2020,3,Asturias,82325,80.71,51446,50.44,133771,131.15
21,05,2020,4,Illes Balears,74103,61.83,24516,20.45,98619,82.28
21,05,2020,5,Canarias,94993,42.78,40266,18.14,135259,60.92
21,05,2020,6,Cantabria,38112,65.49,16952,29.13,55064,94.62
21,05,2020,7,Castilla y Le贸n,133734,55.66,217851,90.66,351585,146.32
21,05,2020,8,Castilla-la Mancha,72297,35.47,108624,53.29,180921,88.75
21,05,2020,9,Catalu帽a,405765,53.32,24478,3.22,430243,56.54
21,05,2020,18,Ceuta,1262,14.95,5156,61.07,6418,76.01
21,05,2020,13,Madrid,464212,69.44,124523,18.63,588735,88.06
21,05,2020,10,Comunidad Valenciana,187257,37.46,91322,18.27,278579,55.73
21,05,2020,16,Pa铆s Vasco,177070,81.15,104403,47.85,281473,129
21,05,2020,11,Extremadura,32157,30.26,38706,36.42,70863,66.68
21,05,2020,12,Galicia,145843,54.04,139056,51.53,284899,105.57
21,05,2020,17,La Rioja,29432,93.59,17885,56.87,47317,150.46
21,05,2020,19,Melilla,1720,20.41,4158,49.33,5878,69.74
21,05,2020,14,Regi贸n de Murcia,32674,21.86,40487,27.09,73161,48.96
21,05,2020,15,C. Foral de Navarra,47755,73.18,43841,67.19,91596,140.37
28,05,2020,1,Andaluc铆a,183068,21.67,242382,28.7,425450,50.37
28,05,2020,2,Arag贸n,51316,38.75,33030,24.94,84346,63.69
28,05,2020,3,Asturias,92286,90.48,61918,60.7,154204,151.18
28,05,2020,4,Illes Balears,84558,70.55,30282,25.26,114840,95.81
28,05,2020,5,Canarias,100922,45.45,44888,20.22,145810,65.67
28,05,2020,6,Cantabria,42599,73.2,18903,32.48,61502,105.68
28,05,2020,7,Castilla y Le贸n,149668,62.29,258789,107.7,408457,169.99
28,05,2020,8,Castilla-la Mancha,95572,46.88,126660,62.14,222232,109.02
28,05,2020,9,Catalu帽a,467591,61.45,41438,5.45,509029,66.89
28,05,2020,18,Ceuta,1535,18.18,5773,68.37,7308,86.55
28,05,2020,13,Madrid,538282,80.52,135358,20.25,673640,100.76
28,05,2020,10,Comunidad Valenciana,217729,43.56,99068,19.82,316797,63.38
28,05,2020,16,Pa铆s Vasco,195280,89.5,112516,51.57,307796,141.07
28,05,2020,11,Extremadura,35512,33.41,45909,43.2,81421,76.61
28,05,2020,12,Galicia,154054,57.08,150284,55.69,304338,112.77
28,05,2020,17,La Rioja,31619,100.54,21263,67.61,52882,168.15
28,05,2020,19,Melilla,1930,22.9,4344,51.54,6274,74.44
28,05,2020,14,Regi贸n de Murcia,37935,25.38,47818,32,85753,57.38
28,05,2020,15,C. Foral de Navarra,54778,83.95,46986,72.01,101764,155.95
04,06,2020,1,Andaluc铆a,208161,24.64,258889,30.65,467050,55.29
04,06,2020,2,Arag贸n,58501,44.17,36363,27.46,94864,71.63
04,06,2020,3,Asturias,101726,99.73,68823,67.47,170549,167.21
04,06,2020,4,Illes Balears,93644,78.13,33874,28.26,127518,106.39
04,06,2020,5,Canarias,109221,49.19,45568,20.52,154789,69.72
04,06,2020,6,Cantabria,46626,80.12,20598,35.39,67224,115.52
04,06,2020,7,Castilla y Le贸n,167186,69.58,282133,117.41,449319,186.99
04,06,2020,8,Castilla-la Mancha,104003,51.02,132934,65.21,236937,116.23
04,06,2020,9,Catalu帽a,517668,68.03,49023,6.44,566691,74.47
04,06,2020,18,Ceuta,1901,22.51,5993,70.98,7894,93.49
04,06,2020,13,Madrid,614596,91.93,142994,21.39,757590,113.32
04,06,2020,10,Comunidad Valenciana,246301,49.27,106339,21.27,352640,70.55
04,06,2020,16,Pa铆s Vasco,212215,97.26,118959,54.52,331174,151.78
04,06,2020,11,Extremadura,38959,36.66,50762,47.76,89721,84.42
04,06,2020,12,Galicia,161938,60,157439,58.34,319377,118.34
04,06,2020,17,La Rioja,33704,107.17,25682,81.66,59386,188.83
04,06,2020,19,Melilla,2327,27.61,4732,56.14,7059,83.75
04,06,2020,14,Regi贸n de Murcia,43027,28.79,52017,34.81,95044,63.6
04,06,2020,15,C. Foral de Navarra,61176,93.75,49336,75.61,110512,169.36
11,06,2020,1,Andaluc铆a,230037,27.23,272684,32.28,502721,59.52
11,06,2020,2,Arag贸n,65018,49.09,37609,28.4,102627,77.49
11,06,2020,3,Asturias,109306,107.16,73479,72.04,182785,179.2
11,06,2020,4,Illes Balears,102779,85.75,37396,31.2,140175,116.95
11,06,2020,5,Canarias,118746,53.48,46865,21.11,165611,74.59
11,06,2020,6,Cantabria,50605,86.96,22197,38.14,72802,125.1
11,06,2020,7,Castilla y Le贸n,184310,76.7,304086,126.55,488396,203.25
11,06,2020,8,Castilla-la Mancha,113816,55.83,140109,68.73,253925,124.57
11,06,2020,9,Catalu帽a,565961,74.38,56771,7.46,622732,81.84
11,06,2020,18,Ceuta,2222,26.32,6327,74.93,8549,101.25
11,06,2020,13,Madrid,652968,97.67,147377,22.04,800345,119.71
11,06,2020,10,Comunidad Valenciana,271380,54.29,112135,22.43,383515,76.72
11,06,2020,16,Pa铆s Vasco,229794,105.32,125134,57.35,354928,162.67
11,06,2020,11,Extremadura,42347,39.84,55162,51.9,97509,91.75
11,06,2020,12,Galicia,169757,62.9,189767,70.32,359524,133.22
11,06,2020,17,La Rioja,34978,111.22,27991,89.01,62969,200.23
11,06,2020,19,Melilla,2604,30.89,4769,56.58,7373,87.48
11,06,2020,14,Regi贸n de Murcia,47419,31.73,54289,36.33,101708,68.06
11,06,2020,15,C. Foral de Navarra,67691,103.74,50631,77.59,118322,181.33
18,06,2020,1,Andaluc铆a,249499,29.54,293732,34.78,543231,64.31
18,06,2020,2,Arag贸n,71396,53.91,38519,29.08,109915,82.99
18,06,2020,3,Asturias,116384,114.1,78233,76.7,194617,190.8
18,06,2020,4,Illes Balears,111554,93.07,40722,33.98,152276,127.05
18,06,2020,5,Canarias,127808,57.56,52097,23.46,179905,81.03
18,06,2020,6,Cantabria,55147,94.76,24112,41.43,79259,136.2
18,06,2020,7,Castilla y Le贸n,199129,82.87,318983,132.75,518112,215.62
18,06,2020,8,Castilla-la Mancha,121528,59.62,145564,71.41,267092,131.03
18,06,2020,9,Catalu帽a,612244,80.46,65803,8.65,678047,89.11
18,06,2020,18,Ceuta,2446,28.97,6635,78.58,9081,107.55
18,06,2020,13,Madrid,688791,103.03,151619,22.68,840410,125.71
18,06,2020,10,Comunidad Valenciana,292327,58.48,115399,23.09,407726,81.57
18,06,2020,16,Pa铆s Vasco,253437,116.15,127828,58.59,381265,174.74
18,06,2020,11,Extremadura,46065,43.34,59235,55.74,105300,99.08
18,06,2020,12,Galicia,177188,65.66,208960,77.43,386148,143.08
18,06,2020,17,La Rioja,36829,117.11,30747,97.77,67576,214.88
18,06,2020,19,Melilla,3051,36.2,5256,62.36,8307,98.56
18,06,2020,14,Regi贸n de Murcia,52216,34.94,57261,38.32,109477,73.26
18,06,2020,15,C. Foral de Navarra,73349,112.41,51816,79.41,125165,191.82
25,06,2020,1,Andaluc铆a,268032,31.73,327731,38.8,595763,70.53
25,06,2020,2,Arag贸n,77442,58.47,38919,29.39,118757,89.67
25,06,2020,3,Asturias,122586,120.18,82280,80.67,205908,201.87
25,06,2020,4,Illes Balears,116861,97.5,40867,34.1,159781,133.31
25,06,2020,5,Canarias,136178,61.33,53832,24.25,190936,86
25,06,2020,6,Cantabria,59924,102.97,24163,41.52,84793,145.71
25,06,2020,7,Castilla y Le贸n,207862,86.51,326740,135.98,537562,223.72
25,06,2020,8,Castilla-la Mancha,129963,63.76,150104,73.64,286599,140.6
25,06,2020,9,Catalu帽a,638304,83.88,66693,8.76,708234,93.07
25,06,2020,18,Ceuta,2642,31.29,6892,81.63,9625,113.99
25,06,2020,13,Madrid,726458,108.66,151619,22.68,878077,131.34
25,06,2020,10,Comunidad Valenciana,307146,61.45,120173,24.04,427319,85.49
25,06,2020,16,Pa铆s Vasco,266173,121.99,130091,59.62,402108,184.29
25,06,2020,11,Extremadura,47178,44.39,61781,58.13,109573,103.1
25,06,2020,12,Galicia,185799,68.85,212979,78.92,398778,147.76
25,06,2020,17,La Rioja,38562,122.62,30786,97.89,70802,225.13
25,06,2020,19,Melilla,3167,37.57,5345,63.42,9780,116.03
25,06,2020,14,Regi贸n de Murcia,57566,38.52,57261,38.32,114827,76.84
25,06,2020,15,C. Foral de Navarra,78287,119.98,52854,81,139762,214.19
02,07,2020,1,Andaluc铆a,285060,33.75,350635,41.51,655559,77.61
02,07,2020,2,Arag贸n,81822,61.78,39136,29.55,125807,94.99
02,07,2020,3,Asturias,130214,127.66,84836,83.17,217404,213.14
02,07,2020,4,Illes Balears,121563,101.42,41093,34.28,166818,139.18
02,07,2020,5,Canarias,141550,63.75,54621,24.6,197689,89.04
02,07,2020,6,Cantabria,64066,110.09,24206,41.59,89360,153.55
02,07,2020,7,Castilla y Le贸n,221552,92.2,331750,138.06,558302,232.35
02,07,2020,8,Castilla-la Mancha,136654,67.04,154328,75.71,304006,149.14
02,07,2020,9,Catalu帽a,666338,87.57,68538,9.01,742420,97.56
02,07,2020,18,Ceuta,2803,33.2,7051,83.51,10030,118.79
02,07,2020,13,Madrid,742345,111.04,151619,22.68,893964,133.72
02,07,2020,10,Comunidad Valenciana,322978,64.61,123946,24.8,455531,91.13
02,07,2020,16,Pa铆s Vasco,283939,130.13,133208,61.05,427671,196.01
02,07,2020,11,Extremadura,51119,48.1,63807,60.04,116035,109.18
02,07,2020,12,Galicia,204599,75.81,214706,79.56,420499,155.81
02,07,2020,17,La Rioja,39690,126.21,30839,98.06,72970,232.03
02,07,2020,19,Melilla,3390,40.22,5345,63.42,10003,118.68
02,07,2020,14,Regi贸n de Murcia,62181,41.61,60680,40.6,123614,82.72
02,07,2020,15,C. Foral de Navarra,82595,126.58,53587,82.12,146917,225.15
09,07,2020,1,Andaluc铆a,305185,36.13,361500,42.8,705521,83.53
09,07,2020,2,Arag贸n,87361,65.96,39298,29.67,133475,100.78
09,07,2020,3,Asturias,137558,134.86,86038,84.35,227967,223.5
09,07,2020,4,Illes Balears,126795,105.79,41132,34.32,179773,149.99
09,07,2020,5,Canarias,147699,66.52,55396,24.95,204843,92.26
09,07,2020,6,Cantabria,67949,116.76,24244,41.66,93611,160.86
09,07,2020,7,Castilla y Le贸n,233310,97.1,335068,139.44,574233,238.98
09,07,2020,8,Castilla-la Mancha,144710,70.99,157741,77.38,321223,157.58
09,07,2020,9,Catalu帽a,702640,92.34,71872,9.45,783455,102.96
09,07,2020,18,Ceuta,2993,35.45,7189,85.14,10408,123.27
09,07,2020,13,Madrid,774865,115.9,151742,22.7,930532,139.19
09,07,2020,10,Comunidad Valenciana,338479,67.71,126616,25.33,477212,95.47
09,07,2020,16,Pa铆s Vasco,303504,139.1,136334,62.48,454550,208.33
09,07,2020,11,Extremadura,55259,51.99,65554,61.68,122274,115.05
09,07,2020,12,Galicia,223296,82.74,216605,80.26,441677,163.66
09,07,2020,17,La Rioja,41203,131.02,30893,98.23,75420,239.82
09,07,2020,19,Melilla,3578,42.45,5562,65.99,10408,123.48
09,07,2020,14,Regi贸n de Murcia,67735,45.32,60680,40.6,129168,86.43
09,07,2020,15,C. Foral de Navarra,85582,131.15,53955,82.69,150696,230.94
16,07,2020,1,Andaluc铆a,323595,38.31,369068,43.69,750372,88.84
16,07,2020,2,Arag贸n,96755,73.06,39403,29.75,144749,109.29
16,07,2020,3,Asturias,144407,141.58,87209,85.5,237703,233.04
16,07,2020,4,Illes Balears,132185,110.29,41372,34.52,187471,156.41
16,07,2020,5,Canarias,153403,69.09,56146,25.29,211708,95.35
16,07,2020,6,Cantabria,71759,123.31,24269,41.7,97730,167.94
16,07,2020,7,Castilla y Le贸n,245359,102.11,338041,140.68,589873,245.49
16,07,2020,8,Castilla-la Mancha,153018,75.07,159435,78.21,335882,164.77
16,07,2020,9,Catalu帽a,749711,98.52,75209,9.88,834883,109.72
16,07,2020,18,Ceuta,3167,37.51,7338,86.91,10785,127.73
16,07,2020,13,Madrid,801706,119.92,153292,22.93,961264,143.78
16,07,2020,10,Comunidad Valenciana,358727,71.76,126616,25.33,497460,99.52
16,07,2020,16,Pa铆s Vasco,325717,149.28,138120,63.3,481983,220.9
16,07,2020,11,Extremadura,60354,56.79,69192,65.1,131368,123.61
16,07,2020,12,Galicia,241583,89.52,220969,81.88,465507,172.49
16,07,2020,17,La Rioja,43386,137.96,30987,98.53,78780,250.5
16,07,2020,19,Melilla,3764,44.66,5713,67.78,10753,127.58
16,07,2020,14,Regi贸n de Murcia,73974,49.5,60680,40.6,135407,90.61
16,07,2020,15,C. Foral de Navarra,91094,139.6,54311,83.23,157158,240.85
23,07,2020,1,Andaluc铆a,346844,41.06,374326,44.32,803449,95.12
23,07,2020,2,Arag贸n,111109,83.89,39403,29.75,159103,120.13
23,07,2020,3,Asturias,151887,148.91,88419,86.69,248684,243.81
23,07,2020,4,Illes Balears,138323,115.41,41386,34.53,194894,162.6
23,07,2020,5,Canarias,160303,72.2,56690,25.53,219666,98.94
23,07,2020,6,Cantabria,76040,130.66,24300,41.76,102379,175.92
23,07,2020,7,Castilla y Le贸n,257596,107.2,340730,141.8,605387,251.94
23,07,2020,8,Castilla-la Mancha,160954,78.96,164155,80.53,353312,173.32
23,07,2020,9,Catalu帽a,818131,107.51,83523,10.98,913123,120
23,07,2020,18,Ceuta,3314,39.25,7457,88.32,11079,131.21
23,07,2020,13,Madrid,834367,124.8,156797,23.45,999621,149.52
23,07,2020,10,Comunidad Valenciana,383362,76.69,128256,25.66,527453,105.52
23,07,2020,16,Pa铆s Vasco,355721,163.03,139594,63.98,516619,236.77
23,07,2020,11,Extremadura,65521,61.65,71204,67,139024,130.81
23,07,2020,12,Galicia,252486,93.56,224863,83.32,481261,178.33
23,07,2020,17,La Rioja,45871,145.86,31086,98.85,82592,262.62
23,07,2020,19,Melilla,3925,46.57,5890,69.88,11091,131.59
23,07,2020,14,Regi贸n de Murcia,81550,54.57,60680,40.6,142983,95.68
23,07,2020,15,C. Foral de Navarra,99718,152.82,54772,83.94,166694,255.46
30,07,2020,1,Andaluc铆a,371449,43.98,377972,44.75,857661,101.54
30,07,2020,2,Arag贸n,126765,95.72,39476,29.81,177028,133.67
30,07,2020,3,Asturias,162717,159.53,89478,87.72,262826,257.67
30,07,2020,4,Illes Balears,146431,122.17,41396,34.54,204515,170.63
30,07,2020,5,Canarias,167633,75.5,57318,25.82,227903,102.65
30,07,2020,6,Cantabria,80342,138.06,24309,41.77,106874,183.65
30,07,2020,7,Castilla y Le贸n,270531,112.59,342893,142.7,621069,258.47
30,07,2020,8,Castilla-la Mancha,170041,83.42,167417,82.13,370528,181.77
30,07,2020,9,Catalu帽a,892421,117.28,88820,11.67,996799,130.99
30,07,2020,18,Ceuta,3501,41.46,7598,89.99,11472,135.87
30,07,2020,13,Madrid,872939,130.57,159998,23.93,1043505,156.09
30,07,2020,10,Comunidad Valenciana,416137,83.25,130057,26.02,565922,113.21
30,07,2020,16,Pa铆s Vasco,383803,175.9,140632,64.45,548175,251.24
30,07,2020,11,Extremadura,70756,66.58,72695,68.4,146276,137.63
30,07,2020,12,Galicia,262183,97.15,226232,83.83,493105,182.72
30,07,2020,17,La Rioja,48632,154.64,31183,99.16,86175,274.02
30,07,2020,19,Melilla,4102,48.67,7532,89.36,12910,153.17
30,07,2020,14,Regi贸n de Murcia,91596,61.29,60680,40.6,153029,102.4
30,07,2020,15,C. Foral de Navarra,110514,169.36,55043,84.35,178557,273.64
06,08,2020,1,Andaluc铆a,399894,47.34,381465,45.16,918917,108.79
06,08,2020,2,Arag贸n,146903,110.92,39539,29.85,198408,149.81
06,08,2020,3,Asturias,177099,173.63,90472,88.7,280338,274.84
06,08,2020,4,Illes Balears,157617,131.5,41407,34.55,217215,181.23
06,08,2020,5,Canarias,176128,79.33,57768,26.02,237314,106.89
06,08,2020,6,Cantabria,86490,148.62,24323,41.8,113398,194.86
06,08,2020,7,Castilla y Le贸n,287896,119.81,345407,143.75,641681,267.05
06,08,2020,8,Castilla-la Mancha,179564,88.09,169471,83.14,385679,189.2
06,08,2020,9,Catalu帽a,962241,126.45,92315,12.13,1072681,140.97
06,08,2020,18,Ceuta,3646,43.18,7720,91.43,11766,139.35
06,08,2020,13,Madrid,917632,137.26,162040,24.24,1093316,163.54
06,08,2020,10,Comunidad Valenciana,450601,90.14,132262,26.46,606466,121.32
06,08,2020,16,Pa铆s Vasco,411958,188.81,140862,64.56,578370,265.07
06,08,2020,11,Extremadura,76444,71.93,73433,69.09,152832,143.8
06,08,2020,12,Galicia,272931,101.13,230390,85.37,508487,188.41
06,08,2020,17,La Rioja,51095,162.47,31268,99.43,90127,286.58
06,08,2020,19,Melilla,4336,51.44,7765,92.13,13378,158.72
06,08,2020,14,Regi贸n de Murcia,101379,67.84,60680,40.6,162812,108.95
06,08,2020,15,C. Foral de Navarra,120081,184.02,55323,84.78,188846,289.41
13,08,2020,1,Andaluc铆a,435879,51.6,383863,45.45,994059,117.69
13,08,2020,2,Arag贸n,169759,128.18,39578,29.88,225433,170.22
13,08,2020,3,Asturias,190753,187.01,90817,89.04,295653,289.86
13,08,2020,4,Illes Balears,173738,144.95,41431,34.57,235209,196.24
13,08,2020,5,Canarias,186872,84.17,57960,26.1,248789,112.05
13,08,2020,6,Cantabria,93912,161.37,24341,41.83,121095,208.09
13,08,2020,7,Castilla y Le贸n,310470,129.21,352125,146.54,671845,279.6
13,08,2020,8,Castilla-la Mancha,191955,94.17,172142,84.45,421545,206.8
13,08,2020,9,Catalu帽a,1021439,134.23,94524,12.42,1136773,149.39
13,08,2020,18,Ceuta,3871,45.85,7907,93.65,12234,144.89
13,08,2020,13,Madrid,976233,146.02,162040,24.24,1151917,172.3
13,08,2020,10,Comunidad Valenciana,488901,97.81,134228,26.85,652052,130.44
13,08,2020,16,Pa铆s Vasco,451176,206.78,141113,64.67,619872,284.09
13,08,2020,11,Extremadura,84318,79.34,75332,70.88,163165,153.52
13,08,2020,12,Galicia,287360,106.48,230965,85.58,524123,194.21
13,08,2020,17,La Rioja,53988,171.67,31371,99.75,94336,299.97
13,08,2020,19,Melilla,4497,53.35,8015,95.09,13803,163.76
13,08,2020,14,Regi贸n de Murcia,111993,74.94,60680,40.6,173426,116.05
13,08,2020,15,C. Foral de Navarra,130197,199.53,55631,85.25,200286,306.94
20,08,2020,1,Andaluc铆a,483075,57.19,386017,45.7,1043409,123.53
20,08,2020,2,Arag贸n,191279,144.43,39598,29.9,251229,189.69
20,08,2020,3,Asturias,204537,200.53,98276,96.35,318246,312.01
20,08,2020,4,Illes Balears,194073,161.92,49980,41.7,268692,224.18
20,08,2020,5,Canarias,201727,90.86,58116,26.18,264237,119.01
20,08,2020,6,Cantabria,102614,176.33,24410,41.95,130117,223.59
20,08,2020,7,Castilla y Le贸n,338260,140.77,362100,150.69,710602,295.73
20,08,2020,8,Castilla-la Mancha,207539,101.81,174364,85.54,443440,217.54
20,08,2020,9,Catalu帽a,1104145,145.1,96446,12.67,1224587,160.93
20,08,2020,18,Ceuta,4252,50.36,8122,96.19,12875,152.49
20,08,2020,13,Madrid,1055104,157.82,164839,24.66,1241452,185.69
20,08,2020,10,Comunidad Valenciana,534121,106.85,136298,27.27,704716,140.98
20,08,2020,16,Pa铆s Vasco,497079,227.82,141296,64.76,668717,306.48
20,08,2020,11,Extremadura,95457,89.82,77412,72.84,176942,166.49
20,08,2020,12,Galicia,307457,113.93,231540,85.79,545427,202.1
20,08,2020,17,La Rioja,58884,187.24,31562,100.36,100366,319.14
20,08,2020,19,Melilla,4507,53.47,8076,95.82,13874,164.61
20,08,2020,14,Regi贸n de Murcia,124363,83.22,60680,40.6,185894,124.39
20,08,2020,15,C. Foral de Navarra,141466,216.8,55942,85.73,212624,325.85
27,08,2020,1,Andaluc铆a,538402,63.74,388171,45.96,1157305,137.01
27,08,2020,2,Arag贸n,210199,158.71,39660,29.95,274841,207.52
27,08,2020,3,Asturias,217710,213.44,98961,97.02,333043,326.51
27,08,2020,4,Illes Balears,216327,180.49,49988,41.71,294784,245.95
27,08,2020,5,Canarias,221157,99.61,58470,26.33,285032,128.38
27,08,2020,6,Cantabria,113306,194.7,24426,41.97,141120,242.5
27,08,2020,7,Castilla y Le贸n,371364,154.55,375983,156.47,758509,315.67
27,08,2020,8,Castilla-la Mancha,225609,110.68,176588,86.63,468175,229.67
27,08,2020,9,Catalu帽a,1209836,158.99,98154,12.9,1334995,175.44
27,08,2020,18,Ceuta,4585,54.3,8311,98.43,13454,159.34
27,08,2020,13,Madrid,1154932,172.75,167322,25.03,1347358,201.54
27,08,2020,10,Comunidad Valenciana,583580,116.75,138350,27.68,762353,152.51
27,08,2020,16,Pa铆s Vasco,543115,248.92,141486,64.84,718062,329.1
27,08,2020,11,Extremadura,108538,102.12,79077,74.4,192625,181.24
27,08,2020,12,Galicia,335263,124.23,237819,88.12,580746,215.19
27,08,2020,17,La Rioja,64654,205.59,31702,100.81,106826,339.68
27,08,2020,19,Melilla,4732,56.14,8149,96.68,14172,168.14
27,08,2020,14,Regi贸n de Murcia,139767,93.52,60680,40.6,201298,134.7
27,08,2020,15,C. Foral de Navarra,153457,235.17,56143,86.04,225639,345.79
03,09,2020,1,Andaluc铆a,606190,71.77,390325,46.21,1293653,153.16
03,09,2020,2,Arag贸n,227424,171.72,39684,29.96,295774,223.33
03,09,2020,3,Asturias,233027,228.46,98961,97.02,349259,342.41
03,09,2020,4,Illes Balears,234650,195.77,50000,41.72,318893,266.06
03,09,2020,5,Canarias,244654,110.19,58740,26.46,309564,139.43
03,09,2020,6,Cantabria,123240,211.77,24446,42.01,151373,260.11
03,09,2020,7,Castilla y Le贸n,408664,170.07,385200,160.31,806195,335.51
03,09,2020,8,Castilla-la Mancha,247490,121.41,178240,87.44,496154,243.4
03,09,2020,9,Catalu帽a,1311123,172.3,99963,13.14,1440922,189.36
03,09,2020,18,Ceuta,4967,58.83,8505,100.73,14117,167.2
03,09,2020,13,Madrid,1270053,189.97,170185,25.46,1469598,219.82
03,09,2020,10,Comunidad Valenciana,639812,128,140313,28.07,827647,165.57
03,09,2020,16,Pa铆s Vasco,596430,273.35,141651,64.92,774458,354.94
03,09,2020,11,Extremadura,124167,116.83,81456,76.64,211277,198.79
03,09,2020,12,Galicia,367459,136.16,257694,95.49,633845,234.86
03,09,2020,17,La Rioja,74083,235.57,31820,101.18,117064,372.24
03,09,2020,19,Melilla,5393,63.98,10846,128.68,17530,207.98
03,09,2020,14,Regi贸n de Murcia,158460,106.03,60680,40.6,219991,147.21
03,09,2020,15,C. Foral de Navarra,165509,253.64,56350,86.36,240012,367.82
10,09,2020,1,Andaluc铆a,771528,91.34,392478,46.47,1529091,181.03
10,09,2020,2,Arag贸n,282894,213.6,39686,29.97,354800,267.9
10,09,2020,3,Asturias,250739,245.82,98961,97.02,367712,360.5
10,09,2020,4,Illes Balears,275336,229.72,50022,41.73,365610,305.04
10,09,2020,5,Canarias,279710,125.98,59567,26.83,346059,155.86
10,09,2020,6,Cantabria,145538,250.09,24450,42.01,173947,298.9
10,09,2020,7,Castilla y Le贸n,449646,187.13,391331,162.86,854397,355.57
10,09,2020,8,Castilla-la Mancha,269493,132.21,179676,88.14,524243,257.18
10,09,2020,9,Catalu帽a,1411858,185.54,101012,13.27,1545862,203.15
10,09,2020,18,Ceuta,5101,60.41,8701,103.05,14512,171.87
10,09,2020,13,Madrid,1393286,208.41,173761,25.99,1601575,239.56
10,09,2020,10,Comunidad Valenciana,696482,139.33,140313,28.07,884317,176.91
10,09,2020,16,Pa铆s Vasco,653650,299.58,141764,64.97,835754,383.04
10,09,2020,11,Extremadura,137839,129.69,83340,78.42,227458,214.02
10,09,2020,12,Galicia,398243,147.56,275206,101.97,683348,253.21
10,09,2020,17,La Rioja,90079,286.43,31944,101.57,133789,425.42
10,09,2020,19,Melilla,7507,89.07,11220,133.12,20018,237.5
10,09,2020,14,Regi贸n de Murcia,178419,119.39,60680,40.6,239950,160.56
10,09,2020,15,C. Foral de Navarra,202052,309.65,56841,87.11,279760,428.73
17,09,2020,1,Andaluc铆a,854988,101.22,401955,47.59,1698219,201.05
17,09,2020,2,Arag贸n,304926,230.24,39720,29.99,380493,287.3
17,09,2020,3,Asturias,271089,265.78,98984,97.04,388754,381.13
17,09,2020,4,Illes Balears,296162,247.09,50056,41.76,391437,326.59
17,09,2020,5,Canarias,300653,135.41,60413,27.21,368716,166.07
17,09,2020,6,Cantabria,156604,269.1,24465,42.04,185340,318.48
17,09,2020,7,Castilla y Le贸n,493155,205.24,395736,164.69,903715,376.1
17,09,2020,8,Castilla-la Mancha,295817,145.12,181163,88.87,556848,273.17
17,09,2020,9,Catalu帽a,1496083,196.61,102676,13.49,1634275,214.77
17,09,2020,18,Ceuta,5514,65.31,8879,105.16,15236,180.45
17,09,2020,13,Madrid,1533078,229.31,177195,26.5,1749807,261.73
17,09,2020,10,Comunidad Valenciana,753387,150.72,144391,28.89,960010,192.05
17,09,2020,16,Pa铆s Vasco,708017,324.49,141956,65.06,893609,409.55
17,09,2020,11,Extremadura,155906,146.69,85636,80.58,248944,234.23
17,09,2020,12,Galicia,429747,159.24,276311,102.38,717026,265.69
17,09,2020,17,La Rioja,97538,310.15,32068,101.97,142705,453.77
17,09,2020,19,Melilla,7893,93.65,11911,141.32,21123,250.61
17,09,2020,14,Regi贸n de Murcia,201016,134.51,60680,40.6,262547,175.68
17,09,2020,15,C. Foral de Navarra,221149,338.91,57503,88.12,301701,462.36
24,09,2020,1,Andaluc铆a,947023,112.12,403076,47.72,1872523,221.69
24,09,2020,2,Arag贸n,330864,249.82,39736,30,410023,309.59
24,09,2020,3,Asturias,293915,288.15,99005,97.06,412089,404.01
24,09,2020,4,Illes Balears,316256,263.86,50068,41.77,415641,346.78
24,09,2020,5,Canarias,333144,150.05,61154,27.54,403045,181.53
24,09,2020,6,Cantabria,154096,264.79,24469,42.05,183236,314.87
24,09,2020,7,Castilla y Le贸n,537926,223.87,398437,165.82,952628,396.45
24,09,2020,8,Castilla-la Mancha,323717,158.81,182384,89.47,592568,290.7
24,09,2020,9,Catalu帽a,1608777,211.42,103794,13.64,1751345,230.15
24,09,2020,18,Ceuta,6007,71.14,9140,108.25,16144,191.2
24,09,2020,13,Madrid,1687843,252.46,182375,27.28,1917524,286.82
24,09,2020,10,Comunidad Valenciana,808277,161.7,146738,29.36,1023173,204.69
24,09,2020,16,Pa铆s Vasco,766541,351.32,142038,65.1,956903,438.56
24,09,2020,11,Extremadura,176573,166.14,88422,83.2,273590,257.42
24,09,2020,12,Galicia,465416,172.46,284086,105.27,761667,282.23
24,09,2020,17,La Rioja,105198,334.51,32135,102.18,150916,479.88
24,09,2020,19,Melilla,8913,105.75,12236,145.17,22468,266.57
24,09,2020,14,Regi贸n de Murcia,223886,149.81,60680,40.6,285417,190.99
24,09,2020,15,C. Foral de Navarra,244555,374.78,57897,88.73,328804,503.89
01,10,2020,1,Andaluc铆a,1044760,123.69,418858,49.59,2072764,245.4
01,10,2020,2,Arag贸n,353072,266.59,39746,30.01,436322,329.45
01,10,2020,3,Asturias,315735,309.55,99022,97.08,434553,426.04
01,10,2020,4,Illes Balears,335587,279.99,50084,41.79,437994,365.43
01,10,2020,5,Canarias,357548,161.04,62677,28.23,429863,193.61
01,10,2020,6,Cantabria,162835,279.81,24485,42.07,192459,330.71
01,10,2020,7,Castilla y Le贸n,584213,243.13,400196,166.55,1002383,417.16
01,10,2020,8,Castilla-la Mancha,353640,173.49,183860,90.2,631994,310.04
01,10,2020,9,Catalu帽a,1740931,228.78,106472,13.99,1889314,248.28
01,10,2020,18,Ceuta,6579,77.92,9299,110.13,17078,202.26
01,10,2020,13,Madrid,1842335,275.57,203712,30.47,2103981,314.71
01,10,2020,10,Comunidad Valenciana,861783,172.4,148584,29.72,1084591,216.97
01,10,2020,16,Pa铆s Vasco,822233,376.84,142214,65.18,1016928,466.07
01,10,2020,11,Extremadura,196119,184.53,88422,83.2,293136,275.82
01,10,2020,12,Galicia,505054,187.14,286486,106.15,804814,298.22
01,10,2020,17,La Rioja,115404,366.96,32211,102.42,162124,515.52
01,10,2020,19,Melilla,9569,113.53,12344,146.45,23232,275.63
01,10,2020,14,Regi贸n de Murcia,245504,164.28,60680,40.6,307035,205.45
01,10,2020,15,C. Foral de Navarra,268351,411.25,58172,89.15,354407,543.13
08,10,2020,1,Andaluc铆a,1145136,135.57,425906,50.42,2268401,268.56
08,10,2020,2,Arag贸n,374948,283.11,39751,30.01,461828,348.71
08,10,2020,3,Asturias,338371,331.74,99038,97.1,457761,448.79
08,10,2020,4,Illes Balears,353896,295.26,50089,41.79,458626,382.64
08,10,2020,5,Canarias,382613,172.33,63418,28.56,456766,205.73
08,10,2020,6,Cantabria,171519,294.73,24491,42.08,201442,346.15
08,10,2020,7,Castilla y Le贸n,628882,261.72,401516,167.1,1050996,437.39
08,10,2020,8,Castilla-la Mancha,381184,187,185148,90.83,669630,328.5
08,10,2020,9,Catalu帽a,1890255,248.41,109667,14.41,2045924,268.86
08,10,2020,18,Ceuta,7168,84.89,9548,113.08,18192,215.46
08,10,2020,13,Madrid,2008322,300.4,203712,30.47,2281228,341.22
08,10,2020,10,Comunidad Valenciana,909971,182.04,148584,29.72,1132779,226.61
08,10,2020,16,Pa铆s Vasco,876690,401.8,142341,65.24,1074984,492.68
08,10,2020,11,Extremadura,214423,201.75,91139,85.75,315762,297.1
08,10,2020,12,Galicia,549591,203.65,313483,116.16,878043,325.35
08,10,2020,17,La Rioja,121394,386.01,32358,102.89,169242,538.15
08,10,2020,19,Melilla,10173,120.7,12600,149.49,24103,285.97
08,10,2020,14,Regi贸n de Murcia,268308,179.54,60680,40.6,329839,220.71
08,10,2020,15,C. Foral de Navarra,290181,444.7,58554,89.73,377665,578.77
15,10,2020,1,Andaluc铆a,1257794,148.91,429713,50.87,2460875,291.35
15,10,2020,2,Arag贸n,395242,298.43,39772,30.03,481215,363.35
15,10,2020,3,Asturias,363469,356.34,99051,97.11,483302,473.83
15,10,2020,4,Illes Balears,370383,309.02,50096,41.8,476762,397.77
15,10,2020,5,Canarias,413541,186.26,63796,28.73,488813,220.16
15,10,2020,6,Cantabria,179325,308.15,24501,42.1,209471,359.95
15,10,2020,7,Castilla y Le贸n,670023,278.84,402078,167.33,1095056,455.73
15,10,2020,8,Castilla-la Mancha,405397,198.88,185946,91.22,703614,345.17
15,10,2020,9,Catalu帽a,2041567,268.29,108293,14.23,2194677,288.41
15,10,2020,18,Ceuta,7683,90.99,9731,115.25,19161,226.93
15,10,2020,13,Madrid,2129667,318.55,203712,30.47,2391313,357.69
15,10,2020,10,Comunidad Valenciana,951150,190.28,149422,29.89,1178258,235.71
15,10,2020,16,Pa铆s Vasco,935367,428.69,142386,65.26,1136772,521
15,10,2020,11,Extremadura,231913,218.21,93098,87.6,335996,316.14
15,10,2020,12,Galicia,585339,216.89,335040,124.15,936553,347.03
15,10,2020,17,La Rioja,127477,405.35,32495,103.33,176151,560.12
15,10,2020,19,Melilla,11139,132.16,12850,152.46,25322,300.43
15,10,2020,14,Regi贸n de Murcia,289628,193.8,60680,40.6,351159,234.98
15,10,2020,15,C. Foral de Navarra,313494,480.43,58714,89.98,402033,616.12
22,10,2020,1,Andaluc铆a,1399919,165.74,434797,51.48,2694111,318.96
22,10,2020,2,Arag贸n,426548,322.07,39915,30.14,516164,389.74
22,10,2020,3,Asturias,391273,383.6,99552,97.6,511634,501.61
22,10,2020,4,Illes Balears,389406,324.89,50106,41.8,498019,415.51
22,10,2020,5,Canarias,442643,199.36,64226,28.93,519285,233.88
22,10,2020,6,Cantabria,189885,326.29,24501,42.1,220263,378.49
22,10,2020,7,Castilla y Le贸n,722561,300.71,402547,167.53,1150552,478.82
22,10,2020,8,Castilla-la Mancha,436903,214.33,186519,91.5,743346,364.66
22,10,2020,9,Catalu帽a,2268882,298.16,109213,14.35,2427593,319.02
22,10,2020,18,Ceuta,8260,97.83,9918,117.46,20175,238.94
22,10,2020,13,Madrid,2302413,344.39,203712,30.47,2564059,383.53
22,10,2020,10,Comunidad Valenciana,1014021,202.86,150733,30.15,1247982,249.66
22,10,2020,16,Pa铆s Vasco,1007727,461.85,142429,65.28,1212243,555.59
22,10,2020,11,Extremadura,253784,238.79,93098,87.6,357867,336.72
22,10,2020,12,Galicia,629258,233.17,352962,130.79,999525,370.36
22,10,2020,17,La Rioja,145738,463.42,32588,103.62,195286,620.97
22,10,2020,19,Melilla,12511,148.44,12889,152.92,26733,317.17
22,10,2020,14,Regi贸n de Murcia,316346,211.68,60680,40.6,377877,252.85
22,10,2020,15,C. Foral de Navarra,340928,522.47,58836,90.17,430596,659.89
29,10,2020,1,Andaluc铆a,1570034,185.88,487343,57.7,3017599,357.26
29,10,2020,2,Arag贸n,465806,351.71,39915,30.14,559624,422.55
29,10,2020,3,Asturias,423409,415.11,99583,97.63,544481,533.81
29,10,2020,4,Illes Balears,411281,343.14,50117,41.81,521742,435.3
29,10,2020,5,Canarias,466691,210.2,65183,29.36,545538,245.71
29,10,2020,6,Cantabria,201311,345.93,24507,42.11,232048,398.74
29,10,2020,7,Castilla y Le贸n,784182,326.35,403113,167.76,1215352,505.79
29,10,2020,8,Castilla-la Mancha,471258,231.19,187099,91.79,786702,385.93
29,10,2020,9,Catalu帽a,2531288,332.65,110892,14.57,2698462,354.62
29,10,2020,18,Ceuta,9214,109.13,10018,118.65,21476,254.35
29,10,2020,13,Madrid,2497439,373.56,203712,30.47,2759085,412.7
29,10,2020,10,Comunidad Valenciana,1095160,219.09,152065,30.42,1336985,267.47
29,10,2020,16,Pa铆s Vasco,1096351,502.47,142471,65.3,1304362,597.8
29,10,2020,11,Extremadura,280575,264,95631,89.98,388487,365.53
29,10,2020,12,Galicia,687402,254.71,357799,132.58,1063302,394
29,10,2020,17,La Rioja,155198,493.5,32740,104.11,205766,654.29
29,10,2020,19,Melilla,13968,165.72,12889,152.92,28247,335.13
29,10,2020,14,Regi贸n de Murcia,349466,233.84,60680,40.6,410997,275.02
29,10,2020,15,C. Foral de Navarra,370446,567.71,59016,90.44,462027,708.06
05,11,2020,1,Andaluc铆a,1713338,202.84,490969,58.13,3252939,385.12
05,11,2020,2,Arag贸n,497336,375.52,40181,30.34,596252,450.21
05,11,2020,3,Asturias,453330,444.44,99611,97.66,575218,563.94
05,11,2020,4,Illes Balears,434483,362.5,50157,41.85,547507,456.8
05,11,2020,5,Canarias,488617,220.07,66029,29.74,569658,256.57
05,11,2020,6,Cantabria,213658,367.14,24513,42.12,244717,420.51
05,11,2020,7,Castilla y Le贸n,844423,351.42,403271,167.83,1278188,531.94
05,11,2020,8,Castilla-la Mancha,508048,249.23,188299,92.37,830582,407.46
05,11,2020,9,Catalu帽a,2792707,367,112793,14.82,2968907,390.16
05,11,2020,18,Ceuta,10297,121.95,10077,119.35,23016,272.59
05,11,2020,13,Madrid,2675245,400.16,203712,30.47,2936891,439.29
05,11,2020,10,Comunidad Valenciana,1184210,236.9,153040,30.62,1434249,286.92
05,11,2020,16,Pa铆s Vasco,1188217,544.57,142508,65.31,1400199,641.73
05,11,2020,11,Extremadura,306977,288.84,97700,91.93,418389,393.67
05,11,2020,12,Galicia,747584,277.01,361754,134.04,1128488,418.15
05,11,2020,17,La Rioja,164214,522.16,32825,104.38,215740,686.01
05,11,2020,19,Melilla,15873,188.32,12892,152.96,30189,358.17
05,11,2020,14,Regi贸n de Murcia,383310,256.49,60680,40.6,444841,297.66
05,11,2020,15,C. Foral de Navarra,401427,615.19,59069,90.52,498319,763.68
